network,algorithm,mean_time_s,std_time_s,mean_l1,std_l1,N,runs,steps,tmax
BarabasiAlbert,Gillespie_v1,0.04244814160047099,0.0028513119704193486,0.0,0.0,2000,5,300,5.0
BarabasiAlbert,SystemWiseTauLeaping_v1,0.03956927480176091,0.0024282401852838186,612.4,37.16772793701547,2000,5,300,5.0
BarabasiAlbert,HeapTauLeaping_v1,0.03268367519485764,0.007996545959480817,512.0,212.68568358025416,2000,5,300,5.0
BarabasiAlbert,FastGEMF,0.13223142520873807,0.005022971355453929,1112.4,64.58978247370091,2000,5,300,5.0
WattsStrogatz,Gillespie_v1,0.039318783394992354,0.0002497360838308104,0.0,0.0,2000,5,300,5.0
WattsStrogatz,SystemWiseTauLeaping_v1,0.03871911700698547,0.0003042000318034946,248.0,86.91144918823987,2000,5,300,5.0
WattsStrogatz,HeapTauLeaping_v1,0.01987402499653399,0.01351196795751694,154.8,122.57634355780075,2000,5,300,5.0
WattsStrogatz,FastGEMF,0.0784449249971658,0.005387688887362684,556.8,75.19148888005876,2000,5,300,5.0
