network,algorithm,mean_time_s,std_time_s,mean_l1,std_l1,N,runs,steps,tmax
BarabasiAlbert,Gillespie_v1,0.1750094580153624,0.001863685170178226,0.0,0.0,10000,3,400,5.0
BarabasiAlbert,SystemWiseTauLeaping_v1,0.022830847010482103,0.026089103120502635,202.66666666666666,23.79542439676633,10000,3,400,5.0
BarabasiAlbert,HeapTauLeaping_v1,0.05005536131405582,0.0422759739313918,340.6666666666667,285.1962287424027,10000,3,400,5.0
BarabasiAlbert,FastGEMF,0.7851724863479225,0.007779737919582329,6574.666666666667,38.58612300930075,10000,3,400,5.0
WattsStrogatz,Gillespie_v1,0.1793655829775768,0.005752642347286324,0.0,0.0,10000,3,400,5.0
WattsStrogatz,SystemWiseTauLeaping_v1,0.02107338865365212,0.023320360039646094,118.66666666666667,81.09802025258625,10000,3,400,5.0
WattsStrogatz,HeapTauLeaping_v1,0.11195373599184677,0.024369839129264197,332.6666666666667,35.490217744549774,10000,3,400,5.0
WattsStrogatz,FastGEMF,0.490981208664986,0.015442977492635424,3276.6666666666665,201.09257127557504,10000,3,400,5.0
