network,algorithm,mean_time_s,std_time_s,mean_l1,std_l1,N,runs,steps,tmax
BarabasiAlbert,Gillespie_v1,0.8057904856589934,0.01935650040961013,0.0,0.0,10000,3,400,5.0
BarabasiAlbert,SystemWiseTauLeaping_v1,1.618677958661768,1.0105701674334016,360.6666666666667,375.1989102092678,10000,3,400,5.0
BarabasiAlbert,HeapTauLeaping_v1,0.6430091113434173,0.4578949046973286,362.0,161.29476122924763,10000,3,400,5.0
BarabasiAlbert,FastGEMF,0.787656764005078,0.004379807978753837,6592.666666666667,148.17407180595245,10000,3,400,5.0
WattsStrogatz,Gillespie_v1,0.7779924306669272,0.006038530995433789,0.0,0.0,10000,3,400,5.0
WattsStrogatz,SystemWiseTauLeaping_v1,1.5172081246758655,1.0308134536358844,227.33333333333334,212.17812223590715,10000,3,400,5.0
WattsStrogatz,HeapTauLeaping_v1,0.47284661132531863,0.4749098678771514,133.33333333333334,102.32410381831947,10000,3,400,5.0
WattsStrogatz,FastGEMF,0.47166206932161003,0.014844517917366606,3244.6666666666665,178.33551400535887,10000,3,400,5.0
