network,algorithm,mean_time_s,std_time_s,mean_l1,std_l1,N,runs,steps,tmax
BarabasiAlbert,Gillespie_v1,0.17290779134297432,0.0032330443828980744,0.0,0.0,10000,3,400,5.0
BarabasiAlbert,SystemWiseTauLeaping_v1,0.1722993606623883,0.007199922880792567,1019.3333333333334,57.0691588240872,10000,3,400,5.0
BarabasiAlbert,HeapTauLeaping_v1,0.05159050001141926,0.04390546193333247,340.6666666666667,285.1962287424027,10000,3,400,5.0
BarabasiAlbert,FastGEMF,0.8048327776778024,0.008830095611827205,6574.666666666667,38.58612300930075,10000,3,400,5.0
WattsStrogatz,Gillespie_v1,0.21888402766974954,0.023928911750328952,0.0,0.0,10000,3,400,5.0
WattsStrogatz,SystemWiseTauLeaping_v1,0.13957786134172542,0.005712060861549633,560.6666666666666,37.57067414294765,10000,3,400,5.0
WattsStrogatz,HeapTauLeaping_v1,0.11178381933132187,0.02020909283344819,332.6666666666667,35.490217744549774,10000,3,400,5.0
WattsStrogatz,FastGEMF,0.501072138994156,0.010577695159128058,3276.6666666666665,201.09257127557504,10000,3,400,5.0
