network,algorithm,mean_time_s,std_time_s,mean_l1,std_l1,N,runs,steps,tmax
BarabasiAlbert,Gillespie_v1,0.010210166599426885,0.00043153801032462763,0.0,0.0,200,10,200,5.0
BarabasiAlbert,SystemWiseTauLeaping_v1,0.00954141670226818,0.0029450323272527546,53.4,16.100931650062986,200,10,200,5.0
BarabasiAlbert,HeapTauLeaping_v1,0.004322170898376498,0.0027596012752975504,38.0,22.715633383201094,200,10,200,5.0
BarabasiAlbert,FastGEMF,0.010714262697729283,0.0006777439528229432,38.6,20.16035713969373,200,10,200,5.0
WattsStrogatz,Gillespie_v1,0.009638487499614712,0.0003131736904610205,0.0,0.0,200,10,200,5.0
WattsStrogatz,SystemWiseTauLeaping_v1,0.0052790375004406085,0.0011183244351687185,28.6,29.448938860339265,200,10,200,5.0
WattsStrogatz,HeapTauLeaping_v1,0.003615095902932808,0.002029722854511106,39.6,30.262848511004382,200,10,200,5.0
WattsStrogatz,FastGEMF,0.0063578540983144196,0.0009880280613355987,39.0,34.64390278245221,200,10,200,5.0
